,surgery,age,hospital_number,rectal_temp,pulse,respiratory_rate,temp_of_extremities,peripheral_pulse,mucous_membrane,capillary_refill_time,pain,peristalsis,abdominal_distention,nasogastric_tube,nasogastric_reflux,packed_cell_volume,total_protein,outcome,nasogastric_done,pain_rank,ab_dis_rank
0,no,adult,530101,38.5,66.0,28.0,cool,reduced,normal_pink,more_3_sec,extreme_pain,absent,severe,n_a,n_a,45.0,8.4,died,0,4.0,3.0
1,yes,adult,534817,39.2,88.0,20.0,cool,normal,pale_cyanotic,less_3_sec,mild_pain,absent,slight,n_a,n_a,50.0,85.0,euthanized,0,2.0,1.0
2,no,adult,530334,38.3,40.0,24.0,normal,normal,pale_pink,less_3_sec,mild_pain,hypomotile,none,n_a,n_a,33.0,6.7,lived,0,2.0,0.0
3,yes,young,5290409,39.1,164.0,84.0,cold,normal,dark_cyanotic,more_3_sec,depressed,absent,severe,none,less_1_liter,48.0,7.2,died,1,1.0,3.0
6,yes,adult,526802,37.9,48.0,16.0,normal,normal,normal_pink,less_3_sec,mild_pain,hypomotile,moderate,none,none,37.0,7.0,lived,1,2.0,2.0
8,no,adult,530051,38.165909090909096,80.0,36.0,cool,absent,pale_pink,less_3_sec,severe_pain,absent,severe,slight,none,38.0,6.2,euthanized,1,3.0,3.0
9,no,young,5299629,38.3,90.0,28.0,normal,normal,normal_pink,less_3_sec,extreme_pain,hypomotile,none,slight,none,40.0,6.2,lived,1,4.0,0.0
10,yes,adult,528548,38.1,66.0,12.0,cool,reduced,bright_red,less_3_sec,mild_pain,hypomotile,none,slight,none,44.0,6.0,lived,1,2.0,0.0
11,no,adult,527927,39.1,72.0,52.0,warm,normal,bright_pink,less_3_sec,depressed,hypermotile,slight,none,none,50.0,7.8,lived,1,1.0,1.0
12,yes,adult,528031,37.2,42.0,12.0,warm,normal,normal_pink,less_3_sec,mild_pain,hypomotile,moderate,significant,none,46.18226600985221,7.0,lived,1,2.0,2.0
13,no,young,5291329,38.0,92.0,28.0,normal,normal,bright_pink,less_3_sec,alert,hypomotile,slight,significant,none,37.0,6.1,died,1,0.0,1.0
14,yes,adult,534917,38.2,76.0,28.0,cool,normal,normal_pink,less_3_sec,mild_pain,absent,none,slight,less_1_liter,46.0,81.0,lived,1,2.0,0.0
15,yes,adult,530233,37.6,96.0,48.0,cool,normal,pale_cyanotic,less_3_sec,extreme_pain,hypomotile,moderate,slight,more_1_liter,45.0,6.8,died,1,4.0,2.0
16,yes,young,5301219,38.165909090909096,128.0,36.0,cool,reduced,pale_cyanotic,more_3_sec,severe_pain,absent,moderate,significant,none,53.0,7.8,died,1,3.0,2.0
18,yes,adult,5290481,37.6,64.0,21.0,normal,normal,bright_pink,less_3_sec,depressed,hypomotile,none,none,none,40.0,7.0,lived,1,1.0,0.0
20,yes,adult,530157,39.9,72.0,60.0,normal,normal,bright_red,more_3_sec,extreme_pain,absent,severe,significant,none,46.0,6.1,lived,1,4.0,3.0
21,no,adult,529340,38.4,48.0,16.0,normal,normal,normal_pink,less_3_sec,alert,hypomotile,none,slight,more_1_liter,49.0,6.8,lived,1,0.0,0.0
22,yes,adult,521681,38.6,42.0,34.0,warm,normal,pale_cyanotic,less_3_sec,depressed,hypomotile,none,n_a,n_a,48.0,7.2,lived,0,1.0,0.0
26,yes,adult,530526,38.3,72.0,30.0,cold,reduced,pale_pink,more_3_sec,mild_pain,hypomotile,moderate,slight,none,43.0,7.0,lived,1,2.0,2.0
29,no,adult,535415,37.7,48.0,28.0,warm,normal,normal_pink,less_3_sec,alert,hypermotile,none,none,none,45.0,76.0,lived,1,0.0,0.0
30,no,adult,529475,37.7,96.0,30.0,cool,reduced,pale_cyanotic,more_3_sec,extreme_pain,absent,severe,significant,less_1_liter,66.0,7.5,died,1,4.0,3.0
31,no,adult,530242,37.2,108.0,12.0,cool,reduced,pale_cyanotic,more_3_sec,depressed,absent,slight,none,more_1_liter,52.0,8.2,euthanized,1,1.0,1.0
32,yes,adult,529427,37.2,60.0,28.0,warm,normal,normal_pink,less_3_sec,mild_pain,hypomotile,moderate,slight,none,43.0,6.6,lived,1,2.0,2.0
34,yes,adult,529796,38.165909090909096,100.0,30.0,cool,reduced,pale_cyanotic,more_3_sec,extreme_pain,absent,severe,significant,more_1_liter,52.0,6.6,lived,1,4.0,3.0
35,no,adult,528812,38.165909090909096,104.0,24.0,cold,reduced,pale_pink,more_3_sec,severe_pain,absent,moderate,none,more_1_liter,73.0,8.4,euthanized,1,3.0,2.0
37,yes,adult,533847,37.8,72.0,28.0,cool,reduced,normal_pink,less_3_sec,extreme_pain,hypomotile,none,none,none,56.0,80.0,lived,1,4.0,0.0
38,no,adult,528996,38.6,52.0,28.0,normal,normal,normal_pink,less_3_sec,mild_pain,hypomotile,slight,none,none,32.0,6.6,lived,1,2.0,1.0
40,yes,adult,529498,38.165909090909096,88.0,28.0,cool,reduced,dark_cyanotic,more_3_sec,extreme_pain,hypomotile,moderate,none,more_1_liter,63.0,6.5,died,1,4.0,2.0
42,no,adult,530301,38.0,60.0,12.0,cool,normal,pale_pink,less_3_sec,mild_pain,hypomotile,none,none,none,47.0,7.0,lived,1,2.0,0.0
43,yes,adult,534069,38.165909090909096,120.0,28.0,cool,absent,pale_cyanotic,less_3_sec,severe_pain,absent,severe,none,none,52.0,67.0,euthanized,1,3.0,3.0
45,no,adult,529827,38.165909090909096,120.0,28.0,cold,reduced,pale_cyanotic,more_3_sec,extreme_pain,absent,severe,none,none,60.0,6.5,died,1,4.0,3.0
46,yes,adult,529888,37.9,60.0,15.0,cool,normal,pale_cyanotic,more_3_sec,extreme_pain,absent,severe,slight,less_1_liter,65.0,7.5,lived,1,4.0,3.0
47,no,adult,529821,37.5,48.0,16.0,normal,normal,normal_pink,less_3_sec,alert,hypermotile,none,none,none,37.0,6.5,lived,1,0.0,0.0
48,yes,adult,528890,38.9,80.0,44.0,cool,reduced,pale_pink,more_3_sec,depressed,hypomotile,moderate,slight,less_1_liter,54.0,6.5,died,1,1.0,2.0
49,no,adult,529642,37.2,84.0,48.0,cool,reduced,bright_red,more_3_sec,severe_pain,hypermotile,slight,none,less_1_liter,73.0,5.5,died,1,3.0,1.0
50,no,adult,529766,38.6,46.0,28.0,normal,normal,bright_pink,less_3_sec,alert,hypomotile,slight,none,none,49.0,9.1,lived,1,0.0,1.0
51,yes,adult,527706,37.4,84.0,36.0,normal,normal,pale_pink,more_3_sec,mild_pain,hypomotile,slight,n_a,n_a,46.18226600985221,7.35,died,0,2.0,1.0
52,no,adult,529483,38.165909090909096,40.0,28.0,normal,normal,pale_pink,less_3_sec,alert,hypomotile,none,n_a,n_a,43.0,7.7,lived,0,0.0,0.0
54,no,adult,529461,40.3,114.0,36.0,cool,reduced,normal_pink,more_3_sec,depressed,hypomotile,moderate,slight,none,57.0,8.1,euthanized,1,1.0,2.0
55,yes,young,5282839,38.6,160.0,20.0,cool,normal,bright_red,less_3_sec,mild_pain,hypomotile,severe,significant,none,38.0,7.35,died,1,2.0,3.0
57,yes,adult,529640,38.165909090909096,64.0,36.0,warm,normal,bright_pink,less_3_sec,extreme_pain,hypomotile,moderate,slight,less_1_liter,42.0,7.7,died,1,4.0,2.0
58,yes,adult,528298,38.165909090909096,40.0,20.0,cold,reduced,pale_pink,less_3_sec,extreme_pain,absent,moderate,slight,none,53.0,5.9,died,1,4.0,2.0
59,no,adult,528904,38.165909090909096,96.0,28.0,cool,reduced,pale_pink,more_3_sec,extreme_pain,absent,severe,none,less_1_liter,60.0,7.35,died,1,4.0,3.0
61,no,adult,527957,38.5,60.0,28.0,warm,increased,normal_pink,less_3_sec,alert,normal,slight,slight,none,44.0,7.7,lived,1,0.0,1.0
63,no,adult,534293,38.2,130.0,16.0,cold,reduced,pale_cyanotic,more_3_sec,depressed,absent,severe,none,none,65.0,82.0,euthanized,1,1.0,3.0
64,yes,adult,529667,39.0,64.0,36.0,cool,normal,pale_cyanotic,more_3_sec,mild_pain,hypomotile,slight,none,less_1_liter,44.0,7.5,lived,1,2.0,1.0
65,yes,adult,534885,38.165909090909096,60.0,36.0,cool,normal,pale_pink,less_3_sec,mild_pain,hypomotile,slight,none,none,26.0,72.0,lived,1,2.0,1.0
66,no,adult,534784,37.9,72.0,28.0,normal,normal,bright_red,more_3_sec,mild_pain,hypomotile,none,none,more_1_liter,58.0,74.0,lived,1,2.0,0.0
67,no,adult,528931,38.4,54.0,24.0,normal,normal,normal_pink,less_3_sec,alert,hypomotile,none,slight,none,49.0,7.2,lived,1,0.0,0.0
70,no,adult,528214,37.0,60.0,20.0,cool,normal,normal_pink,less_3_sec,mild_pain,hypomotile,moderate,slight,less_1_liter,43.0,7.6,euthanized,1,2.0,2.0
71,yes,adult,529424,37.8,48.0,28.0,normal,normal,normal_pink,less_3_sec,alert,normal,none,slight,none,46.0,5.9,lived,1,0.0,0.0
73,yes,adult,528469,38.1,52.0,24.0,normal,normal,bright_red,less_3_sec,severe_pain,hypomotile,none,slight,more_1_liter,54.0,7.5,died,1,3.0,0.0
76,yes,adult,534615,37.6,38.0,20.0,cool,reduced,normal_pink,less_3_sec,mild_pain,hypomotile,slight,n_a,n_a,37.0,68.0,lived,0,2.0,1.0
77,no,adult,534753,38.7,52.0,20.0,warm,normal,normal_pink,less_3_sec,alert,hypermotile,none,none,none,33.0,77.0,lived,1,0.0,0.0
78,yes,adult,530693,38.165909090909096,40.0,28.0,cool,reduced,pale_pink,more_3_sec,extreme_pain,hypomotile,moderate,significant,less_1_liter,46.0,5.9,died,1,4.0,2.0
79,yes,adult,527463,37.5,96.0,18.0,normal,reduced,dark_cyanotic,more_3_sec,mild_pain,absent,slight,slight,more_1_liter,69.0,8.9,lived,1,2.0,1.0
80,yes,adult,527518,36.4,98.0,35.0,cool,reduced,pale_cyanotic,less_3_sec,severe_pain,hypomotile,slight,n_a,n_a,47.0,6.4,died,0,3.0,1.0
81,yes,adult,534756,37.3,40.0,28.0,cool,reduced,normal_pink,less_3_sec,depressed,hypomotile,slight,significant,none,36.0,7.35,lived,1,1.0,1.0
82,yes,young,5290759,38.1,100.0,80.0,cool,normal,bright_pink,less_3_sec,mild_pain,absent,none,n_a,n_a,36.0,5.7,lived,0,2.0,0.0
83,yes,adult,5279822,38.0,40.0,24.0,cool,reduced,dark_cyanotic,more_3_sec,extreme_pain,hypomotile,severe,none,none,68.0,7.8,died,1,4.0,3.0
84,yes,adult,529849,37.8,60.0,80.0,normal,reduced,bright_pink,more_3_sec,depressed,hypomotile,moderate,none,less_1_liter,40.0,4.5,lived,1,1.0,2.0
85,no,adult,529304,38.0,54.0,30.0,warm,reduced,pale_pink,more_3_sec,mild_pain,hypermotile,slight,slight,less_1_liter,45.0,6.2,lived,1,2.0,1.0
86,yes,adult,529388,38.165909090909096,88.0,40.0,cool,reduced,pale_cyanotic,more_3_sec,extreme_pain,absent,moderate,significant,none,50.0,7.7,died,1,4.0,2.0
88,no,adult,529703,39.0,64.0,40.0,normal,normal,bright_red,less_3_sec,mild_pain,hypomotile,slight,slight,none,42.0,7.5,lived,1,2.0,1.0
89,no,adult,535381,38.3,42.0,10.0,normal,normal,normal_pink,less_3_sec,alert,hypermotile,none,n_a,n_a,38.0,61.0,lived,0,0.0,0.0
91,no,adult,529461,40.3,114.0,36.0,cool,reduced,normal_pink,more_3_sec,depressed,hypomotile,moderate,slight,none,57.0,8.1,died,1,1.0,2.0
92,no,adult,530251,38.8,50.0,20.0,cool,normal,normal_pink,less_3_sec,alert,hypermotile,none,slight,none,42.0,6.2,lived,1,0.0,0.0
93,no,adult,530310,38.165909090909096,40.0,28.0,cool,reduced,normal_pink,less_3_sec,extreme_pain,hypomotile,moderate,none,none,38.0,6.5,died,1,4.0,2.0
95,yes,adult,535158,37.3,48.0,20.0,cool,normal,bright_pink,less_3_sec,mild_pain,hypomotile,moderate,slight,none,41.0,69.0,lived,1,2.0,2.0
97,yes,adult,534145,38.1,88.0,32.0,cool,reduced,pale_cyanotic,less_3_sec,depressed,hypomotile,moderate,none,more_1_liter,55.0,60.0,euthanized,1,1.0,2.0
98,no,adult,534135,37.7,44.0,40.0,warm,normal,pale_pink,less_3_sec,alert,hypomotile,slight,none,none,41.0,60.0,lived,1,0.0,1.0
99,no,adult,530002,39.6,108.0,51.0,cool,reduced,dark_cyanotic,more_3_sec,depressed,absent,moderate,none,less_1_liter,59.0,8.0,lived,1,1.0,2.0
103,yes,young,5292489,38.0,140.0,68.0,normal,normal,normal_pink,less_3_sec,mild_pain,hypomotile,slight,n_a,n_a,39.0,5.3,lived,0,2.0,1.0
104,yes,adult,527563,37.8,52.0,24.0,normal,reduced,pale_pink,less_3_sec,severe_pain,absent,none,slight,more_1_liter,48.0,6.6,died,1,3.0,0.0
105,yes,adult,530381,38.165909090909096,70.0,36.0,normal,normal,pale_pink,more_3_sec,depressed,hypomotile,slight,slight,none,36.0,7.3,lived,1,1.0,1.0
107,no,adult,529764,37.3,50.0,32.0,normal,normal,pale_pink,less_3_sec,alert,hypomotile,slight,n_a,n_a,44.0,7.0,lived,0,0.0,1.0
108,yes,adult,533696,38.7,60.0,32.0,cold,reduced,bright_pink,more_3_sec,severe_pain,absent,severe,n_a,n_a,53.0,64.0,euthanized,0,3.0,3.0
109,yes,young,5297379,38.4,84.0,40.0,cool,reduced,bright_pink,less_3_sec,mild_pain,hypomotile,moderate,none,none,36.0,6.6,died,1,2.0,2.0
110,yes,adult,527544,38.165909090909096,70.0,16.0,cool,absent,bright_red,more_3_sec,depressed,hypomotile,slight,slight,none,60.0,7.5,died,1,1.0,1.0
111,yes,adult,533736,38.3,40.0,16.0,cool,normal,normal_pink,less_3_sec,alert,hypomotile,slight,n_a,n_a,38.0,58.0,lived,0,0.0,1.0
112,yes,adult,534963,38.165909090909096,40.0,28.0,warm,normal,normal_pink,less_3_sec,alert,hypomotile,none,none,none,39.0,56.0,lived,1,0.0,0.0
114,yes,adult,532349,38.4,44.0,24.0,cool,normal,pale_cyanotic,less_3_sec,extreme_pain,absent,moderate,slight,none,50.0,77.0,lived,1,4.0,2.0
115,no,adult,533723,38.165909090909096,40.0,40.0,cool,normal,normal_pink,less_3_sec,mild_pain,hypomotile,slight,n_a,n_a,45.0,70.0,lived,0,2.0,1.0
116,yes,adult,535208,38.0,44.0,12.0,normal,normal,normal_pink,less_3_sec,mild_pain,hypomotile,moderate,slight,none,42.0,65.0,lived,1,2.0,2.0
117,no,adult,5290482,39.5,40.0,28.0,cool,reduced,pale_cyanotic,more_3_sec,mild_pain,absent,moderate,none,more_1_liter,46.18226600985221,6.7,euthanized,1,2.0,2.0
118,yes,adult,533983,36.5,78.0,30.0,normal,normal,normal_pink,less_3_sec,extreme_pain,hypomotile,none,none,none,34.0,75.0,lived,1,4.0,0.0
119,no,adult,535166,38.1,56.0,20.0,warm,normal,bright_pink,less_3_sec,alert,hypomotile,none,none,none,46.0,70.0,lived,1,0.0,0.0
120,yes,adult,528682,39.4,54.0,66.0,normal,normal,bright_pink,less_3_sec,depressed,hypomotile,slight,none,none,39.0,6.0,lived,1,1.0,1.0
121,yes,adult,534556,38.3,80.0,40.0,cool,normal,dark_cyanotic,more_3_sec,severe_pain,hypomotile,none,none,less_1_liter,67.0,10.2,euthanized,1,3.0,0.0
122,no,adult,534579,38.7,40.0,28.0,warm,normal,normal_pink,less_3_sec,mild_pain,hypermotile,none,n_a,n_a,39.0,62.0,lived,0,2.0,0.0
123,yes,adult,530360,38.2,64.0,24.0,normal,normal,pale_pink,less_3_sec,severe_pain,absent,moderate,slight,none,45.0,7.5,died,1,3.0,2.0
124,no,adult,529840,37.6,48.0,20.0,cool,normal,pale_cyanotic,less_3_sec,alert,hypermotile,moderate,slight,none,37.0,5.5,euthanized,1,0.0,2.0
125,yes,adult,528461,38.0,42.0,68.0,cold,normal,normal_pink,less_3_sec,mild_pain,hypomotile,slight,slight,less_1_liter,41.0,7.6,lived,1,2.0,1.0
126,yes,adult,530384,38.7,40.0,28.0,cool,normal,pale_pink,less_3_sec,extreme_pain,absent,slight,n_a,n_a,33.0,6.5,lived,0,4.0,1.0
127,yes,adult,5262541,37.4,50.0,32.0,cool,reduced,normal_pink,less_3_sec,severe_pain,absent,none,slight,none,45.0,7.9,lived,1,3.0,0.0
128,yes,adult,535330,37.4,84.0,20.0,cool,normal,pale_pink,less_3_sec,depressed,hypomotile,moderate,n_a,n_a,31.0,61.0,euthanized,0,1.0,2.0
131,no,adult,530670,37.6,88.0,36.0,cool,normal,normal_pink,less_3_sec,mild_pain,hypomotile,slight,none,more_1_liter,44.0,6.0,died,1,2.0,1.0
132,no,adult,530294,37.9,40.0,24.0,normal,normal,normal_pink,less_3_sec,depressed,hypomotile,none,n_a,n_a,40.0,5.7,lived,0,1.0,0.0
134,yes,young,5287179,38.1,136.0,48.0,cool,reduced,pale_pink,less_3_sec,extreme_pain,hypermotile,moderate,slight,less_1_liter,33.0,4.9,died,1,4.0,2.0
135,yes,adult,530693,38.165909090909096,40.0,28.0,cool,reduced,pale_pink,more_3_sec,extreme_pain,hypomotile,moderate,significant,less_1_liter,46.0,5.9,died,1,4.0,2.0
136,yes,adult,534324,38.0,48.0,28.0,normal,normal,normal_pink,less_3_sec,alert,normal,severe,slight,less_1_liter,46.18226600985221,7.35,lived,1,0.0,3.0
137,no,adult,532349,38.0,56.0,28.0,normal,increased,pale_pink,less_3_sec,alert,hypermotile,none,none,none,42.0,71.0,lived,1,0.0,0.0
139,yes,adult,529960,38.1,44.0,9.0,cool,normal,normal_pink,less_3_sec,depressed,normal,none,none,none,31.0,7.3,lived,1,1.0,0.0
141,yes,adult,530402,38.165909090909096,120.0,28.0,cold,reduced,dark_cyanotic,more_3_sec,extreme_pain,absent,severe,n_a,n_a,57.0,4.5,died,0,4.0,3.0
142,yes,adult,529424,37.8,48.0,28.0,normal,normal,normal_pink,more_3_sec,alert,normal,none,slight,none,46.0,5.9,lived,1,0.0,0.0
143,yes,adult,534519,37.1,84.0,40.0,cool,reduced,dark_cyanotic,less_3_sec,depressed,absent,severe,significant,less_1_liter,75.0,81.0,euthanized,1,1.0,3.0
144,no,adult,535246,38.165909090909096,80.0,32.0,cool,reduced,bright_pink,less_3_sec,depressed,hypomotile,moderate,slight,none,50.0,80.0,lived,1,1.0,2.0
145,yes,adult,534115,38.2,48.0,28.0,normal,reduced,pale_pink,less_3_sec,mild_pain,absent,severe,none,more_1_liter,42.0,71.0,lived,1,2.0,3.0
146,no,adult,530001,38.0,44.0,12.0,warm,normal,pale_pink,less_3_sec,mild_pain,absent,moderate,none,less_1_liter,33.0,6.5,died,1,2.0,2.0
147,yes,adult,529272,38.3,132.0,28.0,cool,reduced,dark_cyanotic,more_3_sec,depressed,absent,slight,slight,more_1_liter,57.0,8.0,lived,1,1.0,1.0
149,no,adult,533793,38.9,44.0,14.0,cool,normal,normal_pink,less_3_sec,depressed,hypomotile,slight,n_a,n_a,33.0,64.0,lived,0,1.0,1.0
150,yes,adult,529399,39.3,40.0,28.0,cold,reduced,dark_cyanotic,more_3_sec,severe_pain,absent,slight,none,more_1_liter,75.0,7.35,died,1,3.0,1.0
152,no,adult,528804,38.6,48.0,20.0,cool,normal,normal_pink,less_3_sec,alert,hypomotile,slight,slight,none,50.0,7.3,lived,1,0.0,1.0
153,no,adult,535163,38.8,48.0,40.0,normal,normal,pale_pink,less_3_sec,mild_pain,hypomotile,severe,slight,none,41.0,65.0,lived,1,2.0,3.0
154,no,adult,528247,38.0,48.0,20.0,cool,reduced,pale_cyanotic,less_3_sec,alert,absent,slight,slight,none,49.0,8.3,lived,1,0.0,1.0
155,no,adult,528996,38.6,52.0,20.0,normal,normal,normal_pink,less_3_sec,mild_pain,hypomotile,slight,none,none,36.0,6.6,lived,1,2.0,1.0
157,no,adult,528248,38.0,42.0,40.0,cool,normal,normal_pink,less_3_sec,mild_pain,hypomotile,none,n_a,n_a,46.18226600985221,7.35,lived,0,2.0,0.0
158,no,adult,528134,38.165909090909096,40.0,12.0,normal,normal,bright_pink,less_3_sec,depressed,hypermotile,slight,significant,none,44.0,7.5,lived,1,1.0,1.0
161,no,adult,535176,39.5,60.0,10.0,cool,normal,normal_pink,more_3_sec,mild_pain,hypomotile,slight,slight,none,38.0,56.0,lived,1,2.0,1.0
162,yes,adult,533942,38.0,66.0,20.0,normal,reduced,pale_pink,less_3_sec,extreme_pain,hypomotile,none,none,none,46.0,46.0,euthanized,1,4.0,0.0
163,yes,adult,528523,38.7,76.0,28.0,normal,normal,bright_red,more_3_sec,mild_pain,hypomotile,slight,slight,less_1_liter,50.0,8.0,lived,1,2.0,1.0
165,yes,adult,527916,38.3,40.0,18.0,normal,normal,normal_pink,less_3_sec,mild_pain,hypermotile,none,n_a,n_a,43.0,5.9,lived,0,2.0,0.0
166,no,adult,528299,38.165909090909096,44.0,24.0,normal,normal,normal_pink,less_3_sec,mild_pain,hypomotile,none,slight,none,46.18226600985221,6.3,lived,1,2.0,0.0
167,yes,adult,530254,38.4,104.0,40.0,normal,normal,pale_pink,less_3_sec,depressed,absent,slight,slight,more_1_liter,55.0,8.5,lived,1,1.0,1.0
170,no,adult,527677,39.0,86.0,16.0,cool,reduced,bright_red,less_3_sec,mild_pain,hypomotile,moderate,none,less_1_liter,68.0,5.8,died,1,2.0,2.0
171,yes,adult,535292,38.5,129.0,48.0,cool,reduced,pale_pink,less_3_sec,depressed,absent,moderate,none,more_1_liter,57.0,66.0,lived,1,1.0,2.0
172,yes,adult,529729,38.165909090909096,104.0,28.0,cool,reduced,bright_red,more_3_sec,depressed,absent,moderate,none,more_1_liter,69.0,8.6,died,1,1.0,2.0
175,yes,adult,535130,38.2,60.0,30.0,normal,normal,pale_pink,less_3_sec,mild_pain,hypomotile,none,slight,none,48.0,66.0,lived,1,2.0,0.0
177,yes,adult,533968,38.165909090909096,60.0,30.0,cool,reduced,pale_cyanotic,more_3_sec,extreme_pain,absent,severe,none,none,45.0,70.0,lived,1,4.0,3.0
178,no,adult,528151,38.5,100.0,28.0,cool,reduced,bright_red,more_3_sec,severe_pain,hypomotile,severe,slight,none,46.18226600985221,7.35,euthanized,1,3.0,3.0
179,yes,adult,530239,38.4,84.0,30.0,cool,normal,bright_red,more_3_sec,severe_pain,hypomotile,moderate,slight,more_1_liter,47.0,7.5,died,1,3.0,2.0
180,no,adult,528305,37.8,48.0,14.0,cool,normal,normal_pink,less_3_sec,mild_pain,hypomotile,slight,none,more_1_liter,35.0,7.5,lived,1,2.0,1.0
182,no,adult,534857,37.8,56.0,16.0,normal,normal,bright_pink,less_3_sec,depressed,hypermotile,none,slight,none,44.0,68.0,lived,1,1.0,0.0
183,no,adult,534053,38.2,68.0,32.0,warm,increased,bright_pink,less_3_sec,alert,hypermotile,none,significant,none,43.0,65.0,lived,1,0.0,0.0
186,yes,adult,527365,38.4,80.0,30.0,cold,reduced,normal_pink,less_3_sec,mild_pain,hypomotile,moderate,significant,more_1_liter,32.0,6.1,lived,1,2.0,2.0
188,yes,adult,5299603,38.3,60.0,16.0,cool,normal,normal_pink,less_3_sec,depressed,hypermotile,none,slight,less_1_liter,30.0,6.0,lived,1,1.0,0.0
189,yes,adult,528742,37.1,40.0,8.0,cool,normal,pale_cyanotic,less_3_sec,mild_pain,hypomotile,none,none,none,23.0,6.7,lived,1,2.0,0.0
190,no,young,5287279,38.165909090909096,100.0,44.0,warm,normal,normal_pink,less_3_sec,severe_pain,hypermotile,none,n_a,n_a,37.0,4.7,lived,0,3.0,0.0
191,yes,adult,534788,38.2,48.0,18.0,normal,normal,normal_pink,less_3_sec,mild_pain,hypomotile,moderate,none,less_1_liter,48.0,74.0,lived,1,2.0,2.0
192,yes,adult,529373,38.165909090909096,60.0,48.0,cool,reduced,pale_cyanotic,more_3_sec,severe_pain,hypomotile,severe,n_a,n_a,58.0,7.6,died,0,3.0,3.0
193,no,adult,534163,37.9,88.0,24.0,normal,normal,bright_pink,less_3_sec,depressed,normal,none,n_a,n_a,37.0,56.0,lived,0,1.0,0.0
195,no,adult,529628,38.5,60.0,20.0,normal,normal,bright_red,more_3_sec,depressed,normal,none,slight,none,63.0,7.5,euthanized,1,1.0,0.0
196,no,adult,521399,38.5,96.0,36.0,cool,reduced,normal_pink,more_3_sec,depressed,absent,slight,none,less_1_liter,70.0,8.5,died,1,1.0,1.0
197,no,adult,533885,38.3,60.0,20.0,normal,normal,normal_pink,more_3_sec,alert,hypomotile,none,n_a,n_a,34.0,66.0,lived,0,0.0,0.0
198,no,adult,534157,38.5,60.0,40.0,cool,normal,bright_pink,less_3_sec,depressed,hypermotile,slight,n_a,n_a,49.0,59.0,lived,0,1.0,1.0
199,yes,adult,528047,37.3,48.0,12.0,normal,normal,pale_pink,less_3_sec,mild_pain,hypermotile,moderate,slight,none,40.0,6.6,lived,1,2.0,2.0
200,yes,adult,528641,38.5,86.0,28.0,normal,normal,pale_pink,less_3_sec,severe_pain,absent,moderate,slight,none,45.0,7.4,died,1,3.0,2.0
202,no,adult,529685,37.2,36.0,9.0,normal,normal,normal_pink,less_3_sec,depressed,hypomotile,none,slight,none,35.0,5.7,lived,1,1.0,0.0
203,yes,adult,529528,39.2,40.0,23.0,cool,normal,pale_pink,less_3_sec,severe_pain,absent,slight,slight,none,36.0,6.6,lived,1,3.0,1.0
205,yes,adult,535137,38.5,96.0,30.0,warm,reduced,pale_cyanotic,more_3_sec,severe_pain,absent,moderate,slight,none,50.0,65.0,lived,1,3.0,2.0
208,no,adult,534478,37.5,44.0,10.0,cool,normal,normal_pink,less_3_sec,mild_pain,hypermotile,slight,slight,none,43.0,51.0,lived,1,2.0,1.0
209,yes,adult,530401,37.9,68.0,20.0,cool,normal,bright_pink,less_3_sec,depressed,absent,slight,n_a,n_a,45.0,4.0,died,0,1.0,1.0
210,yes,adult,529893,38.0,86.0,24.0,cold,reduced,pale_cyanotic,less_3_sec,depressed,absent,severe,none,none,45.0,5.5,died,1,1.0,3.0
211,yes,young,5294369,38.9,120.0,30.0,normal,reduced,bright_pink,more_3_sec,mild_pain,hypomotile,moderate,significant,none,47.0,6.3,lived,1,2.0,2.0
213,no,adult,529183,38.6,56.0,32.0,warm,normal,normal_pink,less_3_sec,alert,hypermotile,none,slight,none,40.0,7.0,lived,1,0.0,0.0
214,yes,adult,529135,37.8,40.0,12.0,normal,normal,normal_pink,less_3_sec,alert,normal,none,slight,none,38.0,7.0,lived,1,0.0,0.0
218,yes,adult,529736,38.165909090909096,52.0,28.0,cool,reduced,pale_cyanotic,less_3_sec,mild_pain,absent,moderate,slight,none,37.0,8.1,lived,1,2.0,2.0
220,yes,adult,535031,38.5,92.0,40.0,cold,reduced,normal_pink,less_3_sec,depressed,absent,moderate,n_a,n_a,46.0,67.0,lived,0,1.0,2.0
221,yes,adult,528800,38.165909090909096,112.0,13.0,cold,absent,pale_cyanotic,less_3_sec,depressed,hypomotile,none,slight,none,60.0,6.3,lived,1,1.0,0.0
222,yes,adult,528178,37.7,66.0,12.0,normal,normal,pale_pink,less_3_sec,mild_pain,hypomotile,slight,slight,none,31.5,6.2,lived,1,2.0,1.0
223,yes,adult,535392,38.8,50.0,14.0,normal,normal,normal_pink,less_3_sec,mild_pain,hypermotile,none,none,none,38.0,58.0,lived,1,2.0,0.0
225,yes,adult,528503,39.2,120.0,20.0,cold,reduced,bright_red,more_3_sec,depressed,hypomotile,moderate,none,more_1_liter,60.0,8.8,died,1,1.0,2.0
227,yes,adult,535196,37.3,90.0,40.0,cool,normal,dark_cyanotic,more_3_sec,extreme_pain,absent,moderate,slight,less_1_liter,65.0,50.0,euthanized,1,4.0,2.0
230,no,adult,530028,39.5,92.0,28.0,cool,reduced,dark_cyanotic,less_3_sec,extreme_pain,absent,none,none,more_1_liter,72.0,6.4,died,1,4.0,0.0
235,no,adult,528179,38.2,42.0,26.0,normal,normal,normal_pink,less_3_sec,mild_pain,hypermotile,slight,n_a,n_a,36.0,6.9,lived,0,2.0,1.0
236,no,adult,533750,37.9,54.0,42.0,warm,normal,bright_red,less_3_sec,mild_pain,hypermotile,none,none,none,47.0,54.0,lived,1,2.0,0.0
237,no,adult,528702,36.1,88.0,28.0,cool,reduced,pale_pink,less_3_sec,mild_pain,hypomotile,slight,slight,more_1_liter,45.0,7.0,euthanized,1,2.0,1.0
239,yes,adult,529160,38.0,90.0,30.0,cold,reduced,pale_cyanotic,more_3_sec,extreme_pain,absent,severe,n_a,n_a,55.0,6.1,died,0,4.0,3.0
240,yes,adult,529045,38.2,52.0,16.0,normal,normal,bright_pink,less_3_sec,alert,normal,none,none,none,43.0,8.1,lived,1,0.0,0.0
241,yes,adult,530354,38.165909090909096,36.0,32.0,normal,normal,pale_cyanotic,less_3_sec,extreme_pain,hypomotile,moderate,slight,more_1_liter,41.0,5.9,died,1,4.0,2.0
243,yes,young,5291409,38.2,124.0,88.0,normal,reduced,bright_pink,less_3_sec,depressed,hypomotile,severe,n_a,n_a,47.0,8.0,lived,0,1.0,3.0
244,no,adult,528904,38.165909090909096,96.0,28.0,cool,reduced,pale_pink,more_3_sec,extreme_pain,absent,severe,none,none,60.0,7.35,died,1,4.0,3.0
245,yes,adult,530366,37.6,68.0,32.0,cool,normal,pale_pink,less_3_sec,severe_pain,normal,severe,slight,less_1_liter,47.0,7.2,lived,1,3.0,3.0
246,yes,adult,530170,38.1,88.0,24.0,cool,reduced,pale_cyanotic,less_3_sec,extreme_pain,absent,moderate,slight,none,41.0,4.6,died,1,4.0,2.0
247,yes,adult,527709,38.0,108.0,60.0,warm,reduced,pale_cyanotic,less_3_sec,severe_pain,hypomotile,moderate,slight,none,46.18226600985221,7.35,lived,1,3.0,2.0
248,no,adult,528169,38.2,48.0,28.0,warm,normal,normal_pink,more_3_sec,mild_pain,hypomotile,none,slight,none,34.0,6.6,lived,1,2.0,0.0
249,yes,adult,535043,39.3,100.0,51.0,cold,absent,dark_cyanotic,less_3_sec,depressed,absent,none,none,more_1_liter,66.0,13.0,euthanized,1,1.0,0.0
250,no,adult,527940,36.6,42.0,18.0,cool,reduced,bright_pink,less_3_sec,alert,absent,none,none,none,52.0,7.1,died,1,0.0,0.0
251,yes,young,5291719,38.8,124.0,36.0,cool,normal,bright_pink,less_3_sec,depressed,hypomotile,severe,none,none,50.0,7.6,died,1,1.0,3.0
252,no,adult,530561,38.165909090909096,112.0,24.0,cool,reduced,pale_cyanotic,more_3_sec,extreme_pain,absent,slight,n_a,n_a,40.0,5.3,lived,0,4.0,1.0
253,yes,adult,533738,38.165909090909096,80.0,28.0,cool,reduced,pale_pink,less_3_sec,severe_pain,absent,severe,n_a,n_a,43.0,70.0,lived,0,3.0,3.0
254,yes,young,5294539,38.8,184.0,84.0,normal,normal,normal_pink,less_3_sec,severe_pain,hypermotile,moderate,n_a,n_a,33.0,3.3,died,0,3.0,2.0
255,yes,adult,533871,37.5,72.0,28.0,warm,normal,normal_pink,less_3_sec,depressed,hypermotile,none,none,none,35.0,65.0,euthanized,1,1.0,0.0
257,no,adult,534719,37.5,52.0,12.0,normal,normal,normal_pink,less_3_sec,depressed,hypomotile,slight,slight,none,36.0,61.0,lived,1,1.0,1.0
258,yes,adult,527734,40.8,72.0,42.0,cool,reduced,normal_pink,less_3_sec,depressed,hypomotile,none,slight,none,54.0,7.4,died,1,1.0,0.0
259,no,adult,534933,38.0,40.0,25.0,cool,normal,normal_pink,less_3_sec,severe_pain,hypomotile,slight,none,none,37.0,69.0,lived,1,3.0,1.0
260,no,adult,529296,38.4,48.0,16.0,warm,normal,normal_pink,less_3_sec,alert,hypomotile,slight,slight,none,39.0,6.5,lived,1,0.0,1.0
262,yes,adult,528743,37.1,75.0,36.0,cool,normal,pale_pink,more_3_sec,severe_pain,absent,slight,slight,more_1_liter,48.0,7.4,died,1,3.0,1.0
263,yes,adult,530478,38.3,44.0,21.0,cool,normal,bright_pink,less_3_sec,mild_pain,hypomotile,moderate,slight,none,44.0,6.5,lived,1,2.0,2.0
264,no,adult,528590,38.165909090909096,56.0,68.0,cool,normal,normal_pink,less_3_sec,mild_pain,hypomotile,none,slight,none,40.0,6.0,euthanized,1,2.0,0.0
265,no,adult,529865,38.6,68.0,20.0,warm,normal,pale_pink,less_3_sec,mild_pain,hypomotile,slight,none,none,38.0,6.5,lived,1,2.0,1.0
266,no,adult,527829,38.3,54.0,18.0,cool,normal,bright_pink,less_3_sec,depressed,hypomotile,slight,none,more_1_liter,44.0,7.2,lived,1,1.0,1.0
269,yes,adult,528570,37.5,60.0,50.0,cool,reduced,normal_pink,less_3_sec,mild_pain,hypomotile,slight,slight,less_1_liter,35.0,6.5,died,1,2.0,1.0
270,yes,adult,534626,37.7,80.0,28.0,cool,reduced,dark_cyanotic,less_3_sec,extreme_pain,absent,none,slight,more_1_liter,50.0,55.0,lived,1,4.0,0.0
272,yes,adult,528638,37.7,120.0,28.0,cool,reduced,pale_pink,less_3_sec,extreme_pain,hypomotile,moderate,none,none,65.0,7.0,died,1,4.0,2.0
274,yes,young,5297159,38.8,150.0,50.0,normal,reduced,dark_cyanotic,more_3_sec,extreme_pain,hypomotile,slight,none,none,50.0,6.2,died,1,4.0,1.0
275,yes,adult,534787,38.0,36.0,16.0,cool,normal,normal_pink,less_3_sec,severe_pain,normal,slight,significant,more_1_liter,37.0,75.0,euthanized,1,3.0,1.0
276,no,adult,528620,36.9,50.0,40.0,warm,reduced,pale_pink,less_3_sec,alert,hypomotile,slight,significant,none,37.5,6.5,lived,1,0.0,1.0
277,no,adult,528019,37.8,40.0,16.0,normal,normal,normal_pink,less_3_sec,alert,hypermotile,none,n_a,n_a,37.0,6.8,lived,0,0.0,0.0
278,no,adult,529172,38.2,56.0,40.0,cold,reduced,normal_pink,less_3_sec,depressed,absent,moderate,slight,less_1_liter,47.0,7.2,lived,1,1.0,2.0
280,no,adult,530624,40.0,78.0,28.0,cool,reduced,bright_red,less_3_sec,depressed,hypomotile,none,none,none,66.0,6.5,died,1,1.0,0.0
283,no,adult,530439,38.5,54.0,28.0,normal,normal,normal_pink,less_3_sec,mild_pain,hypermotile,none,slight,none,40.0,6.8,lived,1,2.0,0.0
284,yes,adult,5283431,38.5,66.0,24.0,normal,normal,normal_pink,less_3_sec,mild_pain,hypomotile,none,slight,none,40.0,6.7,lived,1,2.0,0.0
285,no,adult,5275212,37.8,82.0,12.0,cool,normal,normal_pink,more_3_sec,severe_pain,hypomotile,moderate,none,more_1_liter,50.0,7.0,euthanized,1,3.0,2.0
288,yes,adult,529126,38.0,50.0,36.0,cool,normal,normal_pink,less_3_sec,mild_pain,normal,slight,n_a,n_a,39.0,6.6,lived,0,2.0,1.0
290,yes,adult,528890,38.9,80.0,44.0,cool,reduced,pale_pink,less_3_sec,depressed,hypomotile,moderate,slight,less_1_liter,54.0,6.5,died,1,1.0,2.0
291,yes,adult,530034,37.0,66.0,20.0,normal,reduced,bright_pink,less_3_sec,severe_pain,hypomotile,moderate,none,none,35.0,6.9,died,1,3.0,2.0
293,no,adult,533902,38.5,40.0,16.0,normal,normal,normal_pink,less_3_sec,depressed,hypermotile,none,n_a,n_a,37.0,67.0,lived,0,1.0,0.0
295,no,adult,527702,37.2,72.0,24.0,cool,increased,pale_cyanotic,more_3_sec,severe_pain,hypomotile,moderate,significant,none,44.0,7.35,euthanized,1,3.0,2.0
296,yes,adult,529386,37.5,72.0,30.0,cold,reduced,pale_cyanotic,less_3_sec,severe_pain,absent,moderate,slight,none,60.0,6.8,died,1,3.0,2.0
297,yes,adult,530612,36.5,100.0,24.0,cool,reduced,pale_pink,less_3_sec,mild_pain,hypomotile,moderate,significant,none,50.0,6.0,lived,1,2.0,2.0
